John Tree Names,Gender,Languages,Form,Parent Name,Level

Yahweh,M,Hebrew,Full,N/A,0

Yehochanan,M,Hebrew,Full,Yahweh,1

Jehohanan,M,Hebrew,Full,Yehochanan,2

Yochanan,M,Hebrew,Diminutive,Yehochanan,2

Hovhannes,M,Armenian,Full,Yochanan,3

Hovik,M,Armenian,Diminutive,Hovhannes,4

Hovo,M,Armenian,Diminutive,Hovhannes,4

Ioannes,M,Greek,Full,Yochanan,3

Gianis,M,Greek,Full,Ioannes,4

Yanis,M,Greek,Variant,Gianis,5

Giannis,M,Greek,Variant,Ioannes,4

Yanni,M,Greek,Diminutive,Giannis,5

Yannis,M,Greek,Variant,Giannis,5

Yianni,M,Greek,Diminutive,Giannis,5

Yiannis,M,Greek,Variant,Giannis,5

Ioane,M,Georgian,Full,Ioannes,4

Ioanna,F,Greek,Feminine,Ioannes,4

Gianna,F,Greek,Variant,Ioanna,5

Yanna,F,Greek,Variant,Gianna,6

Yianna,F,Greek,Variant,Gianna,6

Nana,F,Greek,Diminutive,Ioanna,5

Iohanna,F,Latin,Full,Ioanna,5

Giovanna,F,Italian,Full,Iohanna,6

Geovana,F,Portuguese,Variant,Giovanna,7

Ghjuvanna,F,Corsican,Variant,Giovanna,7

Gianna,F,Italian,Diminutive,Giovanna,7

Gia,F,Italian,Diminutive,Gianna,8

Giana,F,English,Variant,Gianna,8

Giannina,F,Italian,Diminutive,Gianna,8

Geanina,F,Romanian,Variant,Giannina,9

Gianina,F,Romanian,Variant,Giannina,9

Nina,F,Italian,Diminutive,Giannina,9

Nina,F,Buglarian,Diminutive,Giannina,9

Nina,F,Croatian,Diminutive,Giannina,9

Nina,F,Czech,Diminutive,Giannina,9

Nina,F,Danish,Diminutive,Giannina,9

Nina,F,Dutch,Diminutive,Giannina,9

Nina,F,English,Diminutive,Giannina,9

Nena,F,English,Variant,Nina,10

Nina,F,Finnish,Diminutive,Giannina,9

Nina,F,French,Diminutive,Giannina,9

Ninette,F,French,Diminutive,Nina,10

Nina,F,German,Diminutive,Giannina,9

Nina,F,Norwegian,Diminutive,Giannina,9

Nina,F,Polish,Diminutive,Giannina,9

Nina,F,Serbian,Diminutive,Giannina,9

Nina,F,Slovak,Diminutive,Giannina,9

Nina,F,Slovene,Diminutive,Giannina,9

Nina,F,Swedish,Diminutive,Giannina,9

Zana,F,Croatian,Variant,Gianna,8

Zana,F,Slovene,Variant,Gianna,8

Gio,F,Italian,Variant,Giovanna,7

Giovana,F,Portuguese,Variant,Giovanna,7

Giovana,F,Spanish,Variant,Giovanna,7

Giovannetta,F,Italian,Diminutive,Giovanna,7

Giovannina,F,Italian,Diminutive,Giovanna,7

Vanna,F,Italian,Diminutive,Giovanna,7

Giuanna,F,Sardinian,Full,Iohanna,6

Joana,F,Catalan,Full,Iohanna,6

Joana,F,Portuguese,Full,Iohanna,6

Joaninha,F,Portuguese,Diminutive,Joana,7

Joanna,F,English,Full,Iohanna,6

Jo,F,English,Diminutive,Joanna,7

Joetta,F,English,Elaboration,Jo,8

Jody,F,English,Diminutive,Joanna,7

Jodene,F,English,Elaboration,Jody,8

Jodi,F,English,Variant,Jody,8

Jodie,F,English,Variant,Jody,8

Joanna,F,Polish,Full,Iohanna,6

Asia,F,Polish,Diminutive,Joanna,7

Joasia,F,Polish,Diminutive,Joanna,7

Johana,F,Czech,Full,Iohanna,6

Johanka,F,Czech,Diminutive,Johana,7

Johana,F,Spanish,Full,Iohanna,6

Johanna,F,Icelandic,Full,Iohanna,6

Johanna,F,Danish,Full,Iohanna,6

Hanna,F,Danish,Diminutive,Johanna,7

Jonna,F,Danish,Diminutive,Johanna,7

Johanna,F,Dutch,Full,Iohanna,6

Hanke,F,Dutch,Diminutive,Johanna,7

Hanna,F,Dutch,Diminutive,Johanna,7

Hanne,F,Dutch,Diminutive,Johanna,7

Hanneke,F,Dutch,Diminutive,Johanna,7

Hannie,F,Dutch,Diminutive,Johanna,7

Jannie,F,Dutch,Diminutive,Johanna,7

Jennigje,F,Dutch,Diminutive,Johanna,7

Johanneke,F,Dutch,Diminutive,Johanna,7

Joke,F,Dutch,Diminutive,Johanna,7

Johanna,F,English,Full,Iohanna,6

Joey,F,English,Diminutive,Johanna,7

Johanna,F,Estonian,Full,Iohanna,6

Janne,F,Estonian,Diminutive,Johanna,7

Johanna,F,Finnish,Full,Iohanna,6

Hanna,F,Finnish,Diminutive,Johanna,7

Hannele,F,Finnish,Diminutive,Johanna,7

Janna,F,Finnish,Diminutive,Johanna,7

Jonna,F,Finnish,Diminutive,Johanna,7

Johanna,F,German,Full,Iohanna,6

Hanna,F,German,Diminutive,Johanna,7

Hanne,F,German,Diminutive,Johanna,7

Johanna,F,Hungarian,Full,Iohanna,6

Hanna,F,Hungarian,Diminutive,Johanna,7

Johanna,F,Norwegian,Full,Iohanna,6

Hanna,F,Norwegian,Diminutive,Johanna,7

Johanna,F,Swedish,Full,Iohanna,6

Hanna,F,Swedish,Diminutive,Johanna,7

Jonna,F,Swedish,Diminutive,Johanna,7

Johanne,F,Danish,Full,Iohanna,6

Hanne,F,Danish,Diminutive,Johanne,7

Janne,F,Danish,Diminutive,Johanne,7

Jannie,F,Danish,Diminutive,Johanne,7

Johanne,F,Medieval French,Full,Iohanna,6

Joan,F,English,Full,Johanne,7

Jo,F,English,Diminutive,Joan,8

Joetta,F,English,Elaboration,Jo,9

Joanie,F,English,Diminutive,Joan,8

Joann,F,English,Variant,Joan,8

Joanne,F,English,Variant,Joan,8

Jonelle,F,English,Elaboration,Joan,8

Jonette,F,English,Diminutive,Joan,8

Joni,F,English,Diminutive,Joan,8

Jonie,F,English,Diminutive,Joan,8

Seonag,F,Scottish,Variant,Joan,8

Seona,F,Scottish,Anglicization,Seonag,9

Sheona,F,Scottish,Anglicization,Seonag,9

Shona,F,Scottish,Anglicization,Seonag,9

Siwan,F,Welsh,Variant,Joan,8

Joannie,F,French,Diminutive,Joan,7

Johanne,F,Norwegian,Full,Iohanna,6

Hanne,F,Norwegian,Diminutive,Johanne,7

Janne,F,Norwegian,Diminutive,Johanne,7

Jannicke,F,Norwegian,Diminutive,Janne,8

Jannike,F,Norwegian,Diminutive,Janne,8

Juana,F,Spanish,Full,Iohanna,6

Juanita,F,Spanish,Diminutive,Juana,7

Yanna,F,Breton,Full,Iohanna,6

Yanick,F,Breton,Diminutive,Yanna,7

Yannic,F,Breton,Diminutive,Yanna,7

Yannick,F,Breton,Diminutive,Yanna,7

Yannig,F,Breton,Diminutive,Yanna,7

Yanick,F,French,Diminutive,Yanna,7

Yannick,F,French,Diminutive,Yanna,7

Ioannis,M,Greek,Full,Ioannes,4

Ioannu,M,Slavic,Full,Ioannes,4

Ioan,M,Romanian,Full,Ioannu,5

Iancu,M,Romanian,Diminutive,Ioan,6

Ianis,M,Romanian,Diminutive,Ioan,6

Ioana,F,Romanian,Variant,Ioan,6

Ionela,F,Romanian,Diminutive,Ioana,7

Ionelia,F,Romanian,Elaboration,Ionela,8

Ionica,F,Romanian,Diminutive,Ioana,7

Oana,F,Romanian,Diminutive,Ioana,7

Ioann,M,Russian,Full,Ioannu,5

Ion,M,Romanian,Full,Ioannu,5

Ionel,M,Romanian,Diminutive,Ion,6

Ionica,M,Romanian,Diminutive,Ion,6

Ionut,M,Romanian,Diminutive,Ion,6

Nelu,M,Romanian,Diminutive,Ion,6

Ivan,M,Belarusian,Full,Ioannu,5

Ivan,M,Bulgarian,Full,Ioannu,5

Ivana,F,Bulgarian,Variant,Ivan,6

Ivanka,F,Bulgarian,Diminutive,Ivana,7

Vanya,F,Bulgarian,Diminutive,Ivana,7

Ivelina,F,Bulgarian,Variant,Ivan,6

Ivo,M,Bulgarian,Diminutive,Ivan,6

Vancho,M,Bulgarian,Diminutive,Ivan,6

Vanyo,M,Bulgarian,Diminutive,Ivan,6

Ivan,M,Macedonian,Full,Ioannu,5

Ivana,F,Macedonian,Variant,Ivan,6

Vana,F,Macedonian,Diminutive,Ivana,7

Ivo,M,Macedonian,Diminutive,Ivan,6

Vanco,M,Macedonian,Diminutive,Ivan,6

Vancho,M,Macedonian,Diminutive,Ivan,6

Ivan,M,Hungarian,Full,Ioannu,5

Ivan,M,Spanish,Full,Ioannu,5

Ivan,M,Croatian,Full,Ioannu,5

Ivana,F,Croatian,Variant,Ivan,6

Ivanka,F,Croatian,Diminutive,Ivana,7

Ivica,M,Croatian,Diminutive,Ivan,6

Ivo,M,Croatian,Diminutive,Ivan,6

Ivan,M,Czech,Full,Ioannu,5

Ivana,F,Czech,Variant,Ivan,6

Iva,F,Czech,Diminutive,Ivana,7

Ivka,F,Czech,Diminutive,Iva,8

Ivanka,F,Czech,Diminutive,Ivana,7

Ivan,M,Danish,Full,Ioannu,5

Ivan,M,English,Full,Ioannu,5

Van,M,English,Diminutive,Ivan,6

Ivan,M,Estonian,Full,Ioannu,5

Ivan,M,Italian,Full,Ioannu,5

Ivan,M,Norwegian,Full,Ioannu,5

Ivan,M,Portuguese,Full,Ioannu,5

Ivan,M,Romanian,Full,Ioannu,5

Ivan,M,Slovak,Full,Ioannu,5

Ivana,F,Slovak,Variant,Ivan,6

Iva,F,Slovak,Diminutive,Ivana,7

Ivka,F,Slovak,Diminutive,Iva,8

Ivanka,F,Slovak,Diminutive,Ivana,7

Ivan,M,Slovene,Full,Ioannu,5

Ivana,F,Slovene,Variant,Ivan,6

Iva,F,Slovene,Diminutive,Ivana,7

Ivanka,F,Slovene,Diminutive,Ivana,7

Ivo,M,Slovene,Diminutive,Ivan,6

Ivan,M,Swedish,Full,Ioannu,5

Ivano,M,Italian,Full,Ioannu,5

Ivana,F,Italian,Variant,Ivano,6

Ivans,M,Latvian,Full,Ioannu,5

Iwan,M,Polish,Full,Ioannu,5

Ivan,M,Russian,Full,Ioannu,5

Vanya,F,Russian,Diminutive,Ivan,6

Vania,F,Portuguese,Variant,Vanya,7

Vanja,M,Croatian,Variant,Vanya,8

Vanja,F,Croatian,Variant,Vanya,8

Vanja,F,Norwegian,Variant,Vanya,8

Vanja,M,Serbian,Variant,Vanya,8

Vanja,F,Serbian,Variant,Vanya,8

Vanja,M,Slovene,Variant,Vanya,8

Vanja,F,Slovene,Variant,Vanya,8

Vanja,F,Swedish,Variant,Vanya,8

Yvan,M,French,Full,Ioannu,5

Ivan,M,Serbian,Full,Ioannu,5

Ivana,F,Serbian,Variant,Ivan,6

Ivanka,F,Serbian,Diminutive,Ivana,7

Ivica,M,Serbian,Diminutive,Ivan,6

Ivo,M,Serbian,Diminutive,Ivan,6

Ivan,M,Ukrainian,Full,Ioannu,5

Ivanna,F,Ukrainian,Variant,Ivan,6

Jovan,M,Macedonian,Full,Ioannu,5

Jovana,F,Macedonian,Variant,Jovan,6

Jovanka,F,Macedonian,Diminutive,Jovana,7

Jovka,F,Macedonian,Diminutive,Jovana,7

Vana,F,Macedonian,Diminutive,Jovana,7

Jovica,M,Macedonian,Diminutive,Jovan,6

Jovan,M,Serbian,Full,Ioannu,5

Jovana,F,Serbian,Variant,Jovan,6

Jovanka,F,Serbian,Diminutive,Jovana,7

Jovica,M,Serbian,Diminutive,Jovan,6

Yan,M,Belarusian,Full,Ioannu,5

Yoan,M,Bulgarian,Full,Ioannu,5

Ioan,M,Bulgarian,Variant,Yoan,6

Yanka,F,Bulgarian,Variant,Yoan,6

Yanko,M,Bulgarian,Diminutive,Yoan,6

Yoana,F,Bulgarian,Variant,Yoan,6

Ioana,F,Bulgarian,Variant,Yoana,7

Iohannes,M,Latin,Full,Ioannes,4

Ean,M,Manx,Full,Iohannes,5

Eoin,M,Scottish,Full,Iohannes,5

Iain,M,Scottish,Full,Eoin,6

Iagan,M,Scottish,Diminutive,Iain,7

Ian,M,Scottish,Variant,Iain,7

Ian,M,English,Variant,Iain,7

Eion,M,Irish,Full,Iohannes,5

Ganix,M,Basque,Full,Iohannes,5

Giovanni,M,Italian,Full,Iohannes,5

Geovane,M,Portuguese,Variant,Giovanni,6

Ghjuvan,M,Corsican,Variant,Giovanni,6

Ghjuvanni,M,Corsican,Variant,Giovanni,6

Gian,M,Italian,Diminutive,Giovanni,6

Zan,M,Slovene,Variant,Gian,7

Gianni,M,Italian,Diminutive,Giovanni,6

Giannino,M,Italian,Diminutive,Gianni,7

Nino,M,Italian,Diminutive,Giannino,7

Gio,M,Italian,Diminutive,Giovanni,6

Giovannino,M,Italian,Diminutive,Giovanni,6

Vanni,M,Italian,Diminutive,Giovanni,6

Zuan,M,Italian,Diminutive,Giovanni,6

Zan,M,Slovene,Diminutive,Zuan,7

Giuanne,M,Sardinian,Full,Iohannes,5

Gjon,M,Albanian,Full,Iohannes,5

Gwann,M,Maltese,Full,Iohannes,5

Hann,M,Medieval English,Full,Iohannes,5

Hankin,M,Medieval English,Diminutive,Hann,6

Hank,M,English,Diminutive,Hankin,7

Iban,M,Basque,Full,Iohannes,5

Iban,M,Spanish,Full,Iohannes,5

Ieuan,M,Welsh,Full,Iohannes,5

Evan,M,Welsh,Anglicization,Ieuan,6

Bevan,M,English,Surname,Evan,7

Evan,M,English,Anglicization,Ieuan,6

Evans,M,English,Surname,Evan,7

Iefan,M,Welsh,Variant,Ieuan,6

Ifan,M,Welsh,Variant,Iefan,7

Evan,M,Welsh,Anglicization,Ifan,8

Ianto,M,Welsh,Diminutive,Ifan,8

Iwan,M,Welsh,Variant,Iefan,7

Ioan,M,Welsh,Full,Iohannes,5

Ion,M,Basque,Full,Iohannes,5

Jaan,M,Estonian,Full,Iohannes,5

Jaana,F,Estonian,Variant,Jaan,6

Jaanika,F,Estonian,Diminutive,Jaana,7

Jana,F,Estonian,Variant,Jaan,6

Janika,F,Estonian,Diminutive,Jana,7

Janek,M,Estonian,Diminutive,Jaan,6

Jaanus,M,Estonian,Full,Iohannes,5

Jan,M,Slovak,Full,Iohannes,5

Jana,F,Slovak,Variant,Jan,6

Janka,F,Slovak,Diminutive,Jana,7

Janko,M,Slovak,Diminutive,Jan,6

Jan,M,Catalan,Full,Iohannes,5

Jana,F,Catalan,Variant,Jan,6

Jan,M,Czech,Full,Iohannes,5

Jana,F,Czech,Variant,Jan,6

Janicka,F,Czech,Diminutive,Jana,7

Janka,F,Czech,Diminutive,Jana,7

Yana,F,Bulgarian,Variant,Jana,7

Yana,F,Russian,Variant,Jana,7

Yanina,F,Russian,Diminutive,Yana,8

Yana,F,Ukrainian,Variant,Jana,7

Yanina,F,Ukrainian,Diminutive,Yana,8

Janek,M,Czech,Diminutive,Jan,6

Jan,M,Danish,Full,Iohannes,5

Jannick,M,Danish,Diminutive,Jan,6

Jannik,M,Danish,Diminutive,Jan,6

Jan,M,Dutch,Full,Iohannes,5

Jana,F,Dutch,Variant,Jan,6

Janna,F,Dutch,Variant,Jan,6

Janneke,F,Dutch,Diminutive,Janna,7

Jantine,F,Dutch,Diminutive,Janna,7

Jantje,F,Dutch,Diminutive,Janna,7

Yancy,M,Dutch,Surname,Jan,6

Yancy,F,Dutch,Surname,Jan,6

Jantje,M,Dutch,Diminutive,Jan,6

Jan,M,German,Full,Iohannes,5

Jana,F,German,Variant,Jan,6

Janina,F,German,Variant,Jan,6

Jan,M,Norwegian,Full,Iohannes,5

Jan,M,Polish,Full,Iohannes,5

Janek,M,Polish,Diminutive,Jan,6

Janina,F,Polish,Variant,Jan,6

Janka,F,Polish,Diminutive,Janina,7

Janina,F,Latvian,Variant,Jan,6

Janina,F,Lithuanian,Variant,Jan,6

Janka,F,Polish,Diminutive,Janina,7

Janusz,M,Polish,Diminutive,Jan,6

Jan,M,Slovene,Full,Iohannes,5

Jana,F,Slovene,Variant,Jan,6

Jan,M,Sorbian,Full,Iohannes,5

Janka,F,Sorbian,Variant,Jan,6

Jan,M,Swedish,Full,Iohannes,5

Janina,F,Swedish,Variant,Jan,6

Janna,F,Swedish,Variant,Jan,6

Jannike,F,Swedish,Diminutive,Janna,7

Janne,M,Swedish,Diminutive,Jan,6

Janne,M,Finnish,Full,Jan,6

Janez,M,Slovene,Full,Iohannes,5

Anze,M,Slovene,Variant,Janez,6

Anzej,M,Slovene,Variant,Janez,6

Janko,M,Slovene,Diminutive,Janez,6

Janko,M,Croatian,Diminutive,Janez,6

Janko,M,Serbian,Diminutive,Janez,6

Jani,M,Finnish,Full,Iohannes,5

Janika,F,Finnish,Variant,Jani,6

Janina,F,Finnish,Variant,Jani,6

Janis,M,Latvian,Full,Iohannes,5

Jana,F,Latvian,Variant,Janis,6

Janos,M,Hungarian,Full,Iohannes,5

Jancsi,M,Hungarian,Diminutive,Janos,6

Jani,M,Hungarian,Diminutive,Janos,6

Janka,F,Hungarian,Variant,Janos,6

Jehan,M,Medieval French,Full,Iohannes,5

Djihan,M,Walloon,Variant,Jehan,6

Djan,M,Walloon,Variant,Djihan,7

Djhan,M,Walloon,Variant,Djihan,7

Jan,M,Medieval English,Full,Jehan,6

Jankin,M,Medieval English,Diminutive,Jan,7

Jackin,M,Medieval English,Variant,Jankin,8

Jack,M,English,Diminutive,Jackin,9

Jackie,M,English,Diminutive,Jack,10

Jackson,M,English,Surname,Jack,10

Jax,M,English,Diminutive,Jackson,11

Jaxen,M,English,Variant,Jackson,11

Jaxon,M,English,Variant,Jackson,11

Jaxson,M,English,Variant,Jackson,11

Jaxx,M,English,Diminutive,Jackson,11

Jaxxon,M,English,Variant,Jackson,11

Jackson,M,Portuguese,Surname,Jack,10

Jake,M,English,Variant,Jack,10

Jock,M,Scottish,Variant,Jack,10

Jockie,M,Scottish,Diminutive,Jock,11

Jocky,M,Scottish,Diminutive,Jock,11

Seoc,M,Scottish,Variant,Jack,10

Jennings,M,English,Surname,Jan,7

Jean,M,French,Full,Jehan,6

Jeannot,M,French,Diminutive,Jean,7

Sjang,M,Limburgish,Variant,Jean,7

Sjeng,M,Limburgish,Variant,Jean,7

Zan,M,Slovene,Variant,Jean,7

Zanis,M,Latvian,Variant,Jean,7

Jehanne,F,Medieval French,Variant,Jehan,6

Djene,F,Walloon,Variant,Jehanne,7

Jane,F,English,Variant,Jehanne,7

Janae,F,English,Elaboration,Jane,8

Janeka,F,English,Diminutive,Jane,8

Janelle,F,English,Diminutive,Jane,8

Janel,F,English,Variant,Janelle,9

Janele,F,English,Variant,Janelle,9

Janella,F,English,Variant,Janelle,9

Janessa,F,English,Elaboration,Jane,8

Janet,F,English,Diminutive,Jane,8

Jan,F,English,Diminutive,Janet,9

Janna,F,English,Elaboration,Jan,10

Jannah,F,English,Variant,Janna,11

Janete,F,Portuguese,Variant,Janet,9

Janeth,F,Eastern African,Variant,Janet,9

Janeth,F,Spanish (Latin),Variant,Janet,9

Janetta,F,English,Elaboration,Janet,9

Netta,F,English,Diminutive,Janetta,10

Janette,F,English,Variant,Janet,9

Jannette,F,English,Variant,Janet,9

Seonaid,F,Scottish,Variant,Janet,9

Seona,F,Scottish,Anglicization,Seonaid,10

Sheona,F,Scottish,Anglicization,Seonaid,10

Shona,F,Scottish,Anglicization,Seonaid,10

Sioned,F,Welsh,Variant,Janet,9

Yaneth,F,Spanish (Latin),Variant,Janet,9

Janey,F,English,Diminutive,Jane,8

Janice,F,English,Elaboration,Jane,8

Jan,F,English,Diminutive,Janice,9

Janis,F,English,Variant,Janice,9

Janie,F,English,Diminutive,Jane,8

Jayna,F,English,Elaboration,Jane,8

Jayne,F,English,Variant,Jane,8

Jaynie,F,English,Diminutive,Jayne,9

Jennie,F,English,Diminutive,Jane,8

Jennie,F,Swedish,Diminutive,Jane,8

Jenny,F,English,Diminutive,Jane,8

Jeni,F,English,Variant,Jenny,9

Jenna,F,English,Variant,Jenny,9

Jenna,F,Finnish,Variant,Jenny,9

Jenna,F,French,Variant,Jenny,9

Jennah,F,French,Variant,Jenna,10

Jenni,F,English,Variant,Jenny,9

Jenni,F,Finnish,Variant,Jenny,9

Jenny,F,Dutch,Diminutive,Jane,8

Jenny,F,Finnish,Diminutive,Jane,8

Jenny,F,French,Diminutive,Jane,8

Jenny,F,German,Diminutive,Jane,8

Jenny,F,Norwegian,Diminutive,Jane,8

Jenny,F,Spanish,Diminutive,Jane,8

Jenny,F,Swedish,Diminutive,Jane,8

Jenny,F,Icelandic,Diminutive,Jane,8

Yenny,F,Spanish (Latin),Diminutive,Jane,8

Jean,F,English,Variant,Jehanne,7

Jeana,F,English,Variant,Jean,8

Jeane,F,English,Variant,Jean,8

Jeanie,F,English,Diminutive,Jean,8

Jeanna,F,English,Variant,Jean,8

Jean,F,Scottish,Variant,Jehanne,8

Jessie,F,Scottish,Diminutive,Jean,9

Jessie,F,English,Diminutive,Jean,9

Jessi,F,English,Variant,Jessie,10

Jessy,F,English,Variant,Jessie,10

Jessy,F,French,Variant,Jessie,10

Jessye,F,English,Variant,Jessie,10

Teasag,F,Scottish,Variant,Jessie,10

Jeanne,F,French,Variant,Jehanne,8

Jeannette,F,French,Diminutive,Jeanne,9

Jeanette,F,Danish,Variant,Jeannette,10

Jeanette,F,French,Variant,Jeannette,10

Jeanette,F,Norwegian,Variant,Jeannette,10

Jeanette,F,Swedish,Variant,Jeannette,10

Sinead,F,Irish,Variant,Jeannette,10

Zaneta,F,Czech,Variant,Jeannette,10

Zaneta,F,Lithuanian,Variant,Jeannette,10

Zaneta,F,Slovak,Variant,Jeannette,10

Zaneta,F,Polish,Variant,Jeannette,10

Zsanett,F,Hungarian,Variant,Jeannette,10

Jeannette,F,Dutch,Diminutive,Jeanne,9

Jeanette,F,Dutch,Variant,Jeannette,10

Jeannette,F,English,Diminutive,Jeanne,9

Genette,F,English,Variant,Jeannette,10

Jeanette,F,English,Variant,Jeannette,10

Nettie,F,English,Diminutive,Jeanette,11

Jeanne,F,English,Variant,Jehanne,8

Jeannie,F,English,Diminutive,Jeanne,9

Jeannine,F,French,Diminutive,Jeanne,9

Janine,F,French,Variant,Jeannine,10

Janine,F,Dutch,Variant,Jeannine,10

Janine,F,German,Variant,Jeannine,10

Jeanine,F,French,Variant,Jeannine,10

Jeanine,F,Dutch,Variant,Jeannine,10

Jeannine,F,English,Diminutive,Jeanne,9

Janine,F,English,Variant,Jeannine,10

Janene,F,English,Variant,Janine,11

Jannine,F,English,Variant,Janine,11

Jeanine,F,English,Variant,Jeannine,10

Sine,F,Irish,Variant,Jeanne,9

Sine,F,Scottish,Variant,Jeanne,9

Sheena,F,English,Anglicization,Sine,10

Shena,F,English,Variant,Sheena,11

Sheena,F,Scottish,Anglicization,Sine,10

Sheenagh,F,Scottish,Variant,Sheena,11

Sineag,F,Scottish,Diminutive,Sine,10

Zanna,F,Latvian,Variant,Jeanne,9

Zhanna,F,Belarusian,Variant,Jeanne,9

Zhanna,F,Russian,Variant,Jeanne,9

Zhannochka,F,Russian,Diminutive,Zhanna,10

Zhanna,F,Ukrainian,Variant,Jeanne,9

Sian,F,Welsh,Variant,Jehanne,7

Shan,F,Welsh,Anglicization,Sian,8

Siana,F,Welsh,Diminutive,Sian,8

Siani,F,Welsh,Diminutive,Sian,8

Siobhan,F,Irish,Variant,Jehanne,7

Chevonne,F,English,Anglicization,Siobhan,8

Shavon,F,English,Anglicization,Siobhan,8

Shavonne,F,English,Anglicization,Siobhan,8

Shevaun,F,English,Anglicization,Siobhan,8

Shevon,F,English,Anglicization,Siobhan,8

Jin,M,Picard,Variant,Jehan,6

Sean,M,Irish,Variant,Jehan,6

Sean,M,English,Anglicization,Sean,7

Seanna,F,English,Variant,Sean,8

Sean,M,Irish,Anglicization,Sean,7

Shane,M,English,Anglicization,Sean,7

Shayne,M,English,Variant,Shane,8

Shane,M,Irish,Anglicization,Sean,7

Shaun,M,English,Anglicization,Sean,7

Shauna,F,English,Variant,Shaun,8

Shawn,M,English,Anglicization,Sean,7

Shawn,F,English,Anglicization,Sean,7

Shawna,F,English,Variant,Shawn,8

Shon,M,English,Anglicization,Sean,7

Jens,M,Danish,Full,Iohannes,5

Jensen,M,English,Surname,Jens,6

Jenson,M,English,Variant,Jensen,7

Jens,M,German,Full,Iohannes,5

Jens,M,Icelandic,Full,Iohannes,5

Jens,M,Norwegian,Full,Iohannes,5

Jens,M,Swedish,Full,Iohannes,5

Joan,M,Catalan,Full,Iohannes,5

Joan,M,Occitan,Full,Iohannes,5

Joannes,M,Faroese,Full,Iohannes,5

Joao,M,Portuguese,Full,Iohannes,5

Joaozinho,M,Portuguese,Diminutive,Joao,6

Jogvan,M,Faroese,Full,Iohannes,5

Johan,M,Danish,Full,Iohannes,5

Johan,M,Dutch,Full,Iohannes,5

Han,M,Dutch,Diminutive,Johan,6

Jo,M,Dutch,Diminutive,Johan,6

Joes,M,Dutch,Diminutive,Johan,6

Joop,M,Dutch,Diminutive,Johan,6

Johan,M,Norwegian,Full,Iohannes,5

Jo,M,Norwegian,Diminutive,Johan,6

Johan,M,Swedish,Full,Iohannes,5

Johann,M,Icelandic,Full,Iohannes,5

Johann,M,German,Full,Iohannes,5

Jo,M,German,Diminutive,Johann,6

Yoan,M,French,Variant,Johann,6

Yoann,M,French,Variant,Johann,6

Yohan,M,French,Variant,Johann,6

Yohann,M,French,Variant,Johann,6

Johannes,M,Faroese,Full,Iohannes,5

Johannes,M,Icelandic,Full,Iohannes,5

Hannes,M,Icelandic,Diminutive,Johannes,6

Johannes,M,Danish,Full,Iohannes,5

Johannes,M,Dutch,Full,Iohannes,5

Han,M,Dutch,Diminutive,Johannes,6

Hanne,M,Dutch,Diminutive,Johannes,6

Hannes,M,Dutch,Diminutive,Johannes,6

Jannie,M,Afrikaans,Diminutive,Johannes,6

Jo,M,Dutch,Diminutive,Johannes,6

Joes,M,Dutch,Diminutive,Johannes,6

Joop,M,Dutch,Diminutive,Johannes,6

Johannes,M,Estonian,Full,Iohannes,5

Hannes,M,Estonian,Diminutive,Johannes,6

Johannes,M,Finnish,Full,Iohannes,5

Hannes,M,Finnish,Diminutive,Johannes,6

Hannu,M,Finnish,Diminutive,Johannes,6

Jukka,M,Finnish,Diminutive,Johannes,6

Johannes,M,German,Full,Iohannes,5

Hannes,M,German,Diminutive,Johannes,6

Hanus,M,Czech,Variant,Hannes,7

Hans,M,German,Diminutive,Johannes,6

Hansel,M,German,Diminutive,Hans,7

Ants,M,Estonian,Variant,Hans,7

Hans,M,Danish,Diminutive,Johannes,6

Hans,M,Dutch,Diminutive,Johannes,6

Hans,M,Norwegian,Diminutive,Johannes,6

Hans,M,Swedish,Diminutive,Johannes,6

Hampus,M,Swedish,Diminutive,Hans,7

Hasse,M,Swedish,Diminutive,Hans,7

Honza,M,Czech,Variant,Hans,7

Jo,M,German,Diminutive,Johannes,6

Johannes,M,Norwegian,Full,Iohannes,5

Jo,M,Norwegian,Diminutive,Johannes,6

Johannes,M,Swedish,Full,Iohannes,5

Hannes,M,Swedish,Diminutive,Johannes,6

Jons,M,Swedish,Diminutive,Johannes,6

Johano,M,Esperanto,Full,Iohannes,5

Jocjo,M,Esperanto,Diminutive,Johano,6

John,M,English,Full,Iohannes,5

Hone,M,Maori,Variant,John,6

Jhon,M,Spanish (Latin),Variant,John,6

Johna,F,English,Variant,John,7

Johnathan,M,English,Influence,John,7

Johnathon,M,English,Influence,John,7

Johnie,M,English,Diminutive,John,7

Johnie,F,English,Diminutive,John,7

Johnna,F,English,Variant,John,7

Johnnie,M,English,Diminutive,John,7

Johnnie,F,English,Diminutive,John,7

Johnny,M,English,Diminutive,John,7

Jhonny,M,Spanish (Latin),Variant,Johnny,8

Joni,M,French,Variant,Johnny,8

Joni,M,Georgian,Variant,Johnny,8

Johnson,M,English,Surname,John,7

Jon,M,English,Variant,John,7

Jone,M,Fijian,Variant,John,7

Joni,M,Finnish,Variant,John,7

Joni,M,Georgian,Variant,John,7

Keoni,M,Hawaiian,Variant,John,7

Sion,M,Welsh,Variant,John,7

John,M,Danish,Full,Iohannes,5

John,M,Dutch,Full,Iohannes,5

John,M,Norwegian,Full,Iohannes,5

John,M,Swedish,Full,Iohannes,5

Jon,M,Faroese,Full,Iohannes,5

Jona,F,Faroese,Variant,Jon,6

Jon,M,Icelandic,Full,Iohannes,5

Jona,F,Icelandic,Variant,Jon,6

Jonina,F,Icelandic,Variant,Jon,6

Jon,M,Basque,Full,Iohannes,5

Jon,M,Danish,Full,Iohannes,5

Jon,M,Medieval English,Full,Iohannes,5

Jones,M,English,Surname,Jon,6

Jon,M,Norwegian,Full,Iohannes,5

Jone,M,Norwegian,Variant,Jon,6

Jon,M,Swedish,Full,Iohannes,5

Joni,M,Finnish,Variant,Jon,6

Jonas,M,Lithuanian,Full,Iohannes,5

Jouni,M,Finnish,Full,Iohannes,5

Jowan,M,Cornish,Full,Iohannes,5

Juan,M,Manx,Full,Iohannes,5

Juan,M,Spanish,Full,Iohannes,5

Juancho,M,Spanish,Diminutive,Juan,6

Juanito,M,Spanish,Diminutive,Juan,6

Juantxo,M,Basque,Diminutive,Juan,6

Ruan,M,Portuguese,Variant,Juan,6

Juhan,M,Estonian,Full,Iohannes,5

Juhana,M,Finnish,Full,Iohannes,5

Jussi,M,Finnish,Diminutive,Juhana,6

Juhani,M,Finnish,Full,Iohannes,5

Juha,M,Finnish,Diminutive,Juhani,6

Jussi,M,Finnish,Diminutive,Juha,7

Juhan,M,Sami,Variant,Juhani,6

Juho,M,Finnish,Diminutive,Juhani,6

Jussi,M,Finnish,Diminutive,Juho,7

Jussi,M,Finnish,Diminutive,Juhani,6

Sione,M,Samoan,Full,Iohannes,5

Sione,M,Tongan,Full,Iohannes,5

Xan,M,Galician,Full,Iohannes,5

Xoan,M,Galician,Full,Iohannes,5

Xoana,F,Galician,Variant,Xoan,6

Xuan,M,Asturian,Full,Iohannes,5

Yann,M,Breton,Full,Iohannes,5

Yanick,M,Breton,Diminutive,Yann,6

Yannic,M,Breton,Diminutive,Yann,6

Yannick,M,Breton,Diminutive,Yann,6

Yannig,M,Breton,Diminutive,Yann,6

Yann,M,French,Full,Iohannes,5

Yan,M,French,Variant,Yann,6

Yanis,M,French,Diminutive,Yann,6

Yanick,M,French,Diminutive,Yann,6

Yannick,M,French,Diminutive,Yann,6

Yohana,M,Swahili,Full,Iohannes,5

Yohanes,M,Indonesian,Full,Iohannes,5

Ivane,M,Georgian,Full,Ioannes,4

Vano,M,Georgian,Diminutive,Ivane,5

Yohannes,M,Amharic,Full,Ioannes,4

Yuhanna,M,Arabic,Full,Ioannes,4

Johanan,M,Hebrew,Full,Yochanan,3

Ohannes,M,Armenian,Full,Yochanan,3

Yahya,M,Arabic,Full,Yochanan,3

Yahaya,M,Hausa,Variant,Yahya,4

Yahaya,M,Malay,Variant,Yahya,4

Yahia,M,Arabic,Variant,Yahya,4

Yahya,M,Indonesian,Full,Yochanan,3

Yahya,M,Malay,Full,Yochanan,3

Yahya,M,Persian,Full,Yochanan,3

Yahya,M,Quranic,Full,Yochanan,3

Yahya,M,Turkish,Full,Yochanan,3

Yachna,F,Hebrew,Variant,Yochanan,3